{
  "project_info": {
    "project_number": "944695314042",
    "project_id": "onlinestore-9f0b6",
    "storage_bucket": "onlinestore-9f0b6.firebasestorage.app"
  },
  "client": [
    {
      "client_info": {
        "mobilesdk_app_id": "1:944695314042:android:a81c21ca53d3c51b611dc3",
        "android_client_info": {
          "package_name": "com.example.onlinestore"
        }
      },
      "oauth_client": [],
      "api_key": [
        {
          "current_key": "AIzaSyATQFVACALDiS1NtbtAlhMi3oxWDUWEuXo"
        }
      ],
      "services": {
        "appinvite_service": {
          "other_platform_oauth_client": []
        }
      }
    }
  ],
  "configuration_version": "1"
}